Metric,Value
Excess Demand (%),0.006140523068223005
Mean Absolute Output Gap (%),1.670435033714879
Annual Growth Rate (%),4.403073516481082
Debt to GDP Ratio (%),17.741547470045784
